E10H50Y40_01,E10H50Y40
E10H50Y40_02,E10H50Y40
E10H50Y40_03,E10H50Y40
E10H50Y40_04,E10H50Y40
E20H50Y30_01,E20H50Y30
E20H50Y30_02,E20H50Y30
E20H50Y30_03,E20H50Y30
E20H50Y30_04,E20H50Y30
E30H50Y20_01,E30H50Y20
E30H50Y20_02,E30H50Y20
E30H50Y20_03,E30H50Y20
E30H50Y20_04,E30H50Y20
E40H50Y10_01,E40H50Y10
E40H50Y10_02,E40H50Y10
E40H50Y10_03,E40H50Y10
E40H50Y10_04,E40H50Y10
E45H50Y5_01,E45H50Y5
E45H50Y5_02,E45H50Y5
E45H50Y5_03,E45H50Y5
E45H50Y5_04,E45H50Y5
E5H50Y45_01,E5H50Y45
E5H50Y45_02,E5H50Y45
E5H50Y45_03,E5H50Y45
E5H50Y45_04,E5H50Y45